"","SW_score","perc_div","perc_del","perc_ins","query_sequence","begin","end","left","plus","repeat.","class_family","repeat_begin","repeat_end","repeat_left","ID"
"1",19,22.2,7.6,2.1,"CP007470.1",2420,2511,"(1843748)","+","A-rich","Low_complexity","1",97,"(0)",1
"2",14,18.2,0,5.1,"CP007470.1",2544,2584,"(1843675)","+","(TTAA)n","Simple_repeat","1",39,"(0)",2
"3",244,20.4,1.9,0,"CP007470.1",24190,24243,"(1822016)","C","rnd-1_family-0","rRNA","(1454)",230,"176",3
"4",16,29.9,1.3,3.9,"CP007470.1",42353,42431,"(1803828)","+","(ATTTT)n","Simple_repeat","1",77,"(0)",4
"5",13,21.1,0,5,"CP007470.1",47088,47129,"(1799130)","+","(TATTT)n","Simple_repeat","1",40,"(0)",5
"6",346,3.9,0,3.9,"CP007470.1",52899,52951,"(1793308)","+","rnd-2_family-4","Unknown","52",102,"(0)",6
"7",12,27.6,0,0,"CP007470.1",56186,56224,"(1790035)","+","(TTTGA)n","Simple_repeat","1",39,"(0)",7
"8",11,20.7,5.1,0,"CP007470.1",60324,60362,"(1785897)","+","A-rich","Low_complexity","1",41,"(0)",8
"9",130,0,0,0,"CP007470.1",72002,72114,"(1774145)","+","(TGAAAGA)n","Simple_repeat","1",113,"(0)",9
"10",311,24.7,0,1.3,"CP007470.1",98755,98832,"(1747427)","+","rnd-1_family-0","rRNA","173",249,"(1435)",10
"11",15,13.7,3.1,0,"CP007470.1",117673,117704,"(1728555)","+","(TATT)n","Simple_repeat","1",33,"(0)",11
"12",109,0,0,0,"CP007470.1",128125,128219,"(1718040)","+","(TTGA)n","Simple_repeat","1",95,"(0)",12
"13",11,24.7,2.2,2.2,"CP007470.1",157916,157960,"(1688299)","+","(ATATTT)n","Simple_repeat","1",45,"(0)",13
"14",15,20,0,2.4,"CP007470.1",166892,166933,"(1679326)","+","A-rich","Low_complexity","1",41,"(0)",14
"15",19,19.8,0,2.1,"CP007470.1",174184,174231,"(1672028)","+","(TTTGATT)n","Simple_repeat","1",47,"(0)",15
"16",246,7.5,0,5,"CP007470.1",176845,176886,"(1669373)","C","rnd-2_family-6","Unknown","(1)",41,"2",16
"17",15,22.1,0,0,"CP007470.1",177841,177877,"(1668382)","+","(GGT)n","Simple_repeat","1",37,"(0)",17
"18",15,27,0,5,"CP007470.1",177878,177899,"(1668360)","+","(TGTTGG)n","Simple_repeat","5",60,"(0)",18
"19",12,15.8,0,3.5,"CP007470.1",187789,187818,"(1658441)","+","A-rich","Low_complexity","1",29,"(0)",19
"20",57,0,0,0,"CP007470.1",246347,246397,"(1599862)","+","(TCTG)n","Simple_repeat","1",51,"(0)",20
"21",51,0,0,0,"CP007470.1",259216,259261,"(1586998)","+","(TTGG)n","Simple_repeat","1",46,"(0)",21
"22",13,7,6.2,3,"CP007470.1",267243,267274,"(1578985)","+","(AATGTA)n","Simple_repeat","1",33,"(0)",22
"23",227,2.8,2.7,2.7,"CP007470.1",270615,270651,"(1575608)","+","rnd-2_family-6","Unknown","4",40,"(2)",23
"24",13,16.1,8.2,4.8,"CP007470.1",280360,280420,"(1565839)","+","(GAATT)n","Simple_repeat","1",63,"(0)",24
"25",35,0,0,0,"CP007470.1",281288,281320,"(1564939)","+","(AACAACC)n","Simple_repeat","1",33,"(0)",25
"26",322,2.4,0,0,"CP007470.1",311125,311166,"(1535093)","+","rnd-2_family-6","Unknown","1",42,"(0)",26
"27",507,11.8,0,7.8,"CP007470.1",396854,396963,"(1449296)","+","rnd-2_family-4","Unknown","1",102,"(0)",27
"28",20,12.9,2.3,2.3,"CP007470.1",424645,424688,"(1421571)","+","(CATCAG)n","Simple_repeat","1",44,"(0)",28
"29",244,7.7,0,2.6,"CP007470.1",449887,449926,"(1396333)","+","rnd-2_family-6","Unknown","3",41,"(1)",29
"30",301,24.7,9.2,4.9,"CP007470.1",452415,452512,"(1393747)","C","rnd-2_family-4","Unknown","(0)",102,"1",30
"31",130,0,0,0,"CP007470.1",474711,474823,"(1371436)","+","(ATCTTTC)n","Simple_repeat","1",113,"(0)",31
"32",305,17.6,2.9,2.9,"CP007470.1",513439,513508,"(1332751)","C","rnd-1_family-0","rRNA","(1439)",245,"176",32
"33",480,21.7,0,7.8,"CP007470.1",541168,541277,"(1304982)","C","rnd-2_family-4","Unknown","(0)",102,"1",33
"34",331,10.4,0,0,"CP007470.1",588449,588496,"(1257763)","C","rnd-2_family-4","Unknown","(0)",102,"55",34
"35",325,9.6,1.9,0,"CP007470.1",588851,588902,"(1257357)","C","rnd-2_family-4","Unknown","(49)",53,"1",34
"36",383,0,0,0,"CP007470.1",588967,589014,"(1257245)","C","rnd-2_family-4","Unknown","(0)",102,"55",35
"37",294,10.6,0,0,"CP007470.1",589108,589154,"(1257105)","C","rnd-2_family-4","Unknown","(55)",47,"1",36
"38",383,0,0,0,"CP007470.1",589219,589266,"(1256993)","C","rnd-2_family-4","Unknown","(0)",102,"55",37
"39",294,10.6,0,0,"CP007470.1",589360,589406,"(1256853)","C","rnd-2_family-4","Unknown","(55)",47,"1",38
"40",375,2.1,0,0,"CP007470.1",589438,589485,"(1256774)","C","rnd-2_family-4","Unknown","(0)",102,"55",39
"41",41,0,0,0,"CP007470.1",598917,598954,"(1247305)","+","(AATGA)n","Simple_repeat","1",38,"(0)",40
"42",655,7.9,0,5.9,"CP007470.1",657426,657533,"(1188726)","+","rnd-2_family-4","Unknown","1",102,"(0)",41
"43",17,15.1,4.4,7.6,"CP007470.1",681873,681942,"(1164317)","+","A-rich","Low_complexity","1",67,"(0)",42
"44",65,0,0,0,"CP007470.1",692491,692548,"(1153711)","+","(CAGC)n","Simple_repeat","1",58,"(0)",43
"45",17,22.5,0,0,"CP007470.1",722822,722857,"(1123402)","+","A-rich","Low_complexity","1",36,"(0)",44
"46",15,16.6,0,2.9,"CP007470.1",749742,749777,"(1096482)","+","(AGTAGA)n","Simple_repeat","1",35,"(0)",45
"47",430,19.8,1,2.1,"CP007470.1",752955,753052,"(1093207)","+","rnd-2_family-4","Unknown","6",102,"(0)",46
"48",685,8.8,0,1,"CP007470.1",770294,770396,"(1075863)","+","rnd-2_family-4","Unknown","1",102,"(0)",47
"49",13,25.6,0,0,"CP007470.1",772185,772221,"(1074038)","+","(TGC)n","Simple_repeat","1",37,"(0)",48
"50",268,13,0,0,"CP007470.1",803631,803676,"(1042583)","C","rnd-2_family-4","Unknown","(56)",46,"1",49
"51",13,20.9,0,0,"CP007470.1",841948,841980,"(1004279)","+","(ATTTTT)n","Simple_repeat","1",33,"(0)",50
"52",17,15.5,0,0,"CP007470.1",850550,850578,"(995681)","+","(T)n","Simple_repeat","1",29,"(0)",51
"53",32,2.9,0,0,"CP007470.1",855813,855847,"(990412)","+","(AAAC)n","Simple_repeat","1",35,"(0)",52
"54",13,21.8,0,6.7,"CP007470.1",868981,869028,"(977231)","+","(TGA)n","Simple_repeat","1",45,"(0)",53
"55",90,0,0,0,"CP007470.1",873647,873725,"(972534)","+","(CAAT)n","Simple_repeat","1",79,"(0)",54
"56",233,5,4.8,4.8,"CP007470.1",948137,948178,"(898081)","+","rnd-2_family-6","Unknown","1",42,"(0)",55
"57",67,0,0,0,"CP007470.1",973626,973685,"(872574)","+","(TTGC)n","Simple_repeat","1",60,"(0)",56
"58",273,7.5,0,0,"CP007470.1",980113,980152,"(866107)","+","rnd-2_family-6","Unknown","3",42,"(0)",57
"59",14,22.5,0,6.1,"CP007470.1",986320,986371,"(859888)","+","(ACCTAC)n","Simple_repeat","1",49,"(0)",58
"60",13,20.6,3.5,5.4,"CP007470.1",1012509,1012565,"(833694)","+","(CTCGTCT)n","Simple_repeat","1",56,"(0)",59
"61",12,30.6,0,6,"CP007470.1",1012630,1012700,"(833559)","+","(TTTTC)n","Simple_repeat","1",67,"(0)",60
"62",14268,0.8,0.1,0,"CP007470.1",1014980,1016661,"(829598)","C","rnd-1_family-0","rRNA","(0)",1684,"1",61
"63",307,15,2.4,6.1,"CP007470.1",1045680,1045764,"(800495)","C","rnd-1_family-0","rRNA","(1265)",419,"338",62
"64",13,20.6,3.5,5.4,"CP007470.1",1046079,1046135,"(800124)","+","(CTCGTCT)n","Simple_repeat","1",56,"(0)",63
"65",12,30.6,0,6,"CP007470.1",1046200,1046270,"(799989)","+","(TTTTC)n","Simple_repeat","1",67,"(0)",64
"66",14268,0.8,0.1,0,"CP007470.1",1048550,1050231,"(796028)","C","rnd-1_family-0","rRNA","(0)",1684,"1",65
"67",13,13.6,2.9,2.9,"CP007470.1",1111758,1111791,"(734468)","+","(AATAAC)n","Simple_repeat","1",34,"(0)",66
"68",12,10.2,2.6,8.3,"CP007470.1",1112492,1112529,"(733730)","+","(TAATTC)n","Simple_repeat","1",36,"(0)",67
"69",228,19.7,6.2,4.9,"CP007470.1",1150402,1150481,"(695778)","+","rnd-1_family-0","rRNA","167",247,"(1437)",68
"70",16,16.6,4.9,0,"CP007470.1",1151993,1152033,"(694226)","+","(TTTAA)n","Simple_repeat","1",43,"(0)",69
"71",12,11.2,6.9,0,"CP007470.1",1154428,1154456,"(691803)","+","(ATGCC)n","Simple_repeat","1",31,"(0)",70
"72",13,21.6,6.2,0,"CP007470.1",1158241,1158288,"(687971)","+","(ATTTAA)n","Simple_repeat","1",51,"(0)",71
"73",23,22.1,1,8.7,"CP007470.1",1186240,1186338,"(659921)","+","(TTTTAT)n","Simple_repeat","1",92,"(0)",72
"74",6476,1.5,0.3,0,"CP007470.1",1188787,1189795,"(656464)","C","rnd-1_family-0","rRNA","(0)",1684,"571",73
"75",1216,1.4,0,0,"CP007470.1",1189976,1190119,"(656140)","C","rnd-1_family-0","rRNA","(1540)",144,"1",73
"76",31,28.1,2.9,0,"CP007470.1",1197130,1197234,"(649025)","+","(GATCAT)n","Simple_repeat","1",108,"(0)",74
"77",276,23.6,4.6,6.5,"CP007470.1",1203132,1203240,"(643019)","+","rnd-1_family-0","rRNA","167",273,"(1411)",75
"78",324,15.3,2.7,2.7,"CP007470.1",1211241,1211314,"(634945)","C","rnd-1_family-0","rRNA","(1273)",411,"338",76
"79",311,15.5,2.7,2.7,"CP007470.1",1211342,1211414,"(634845)","C","rnd-1_family-0","rRNA","(1274)",410,"338",76
"80",383,4.1,0,0,"CP007470.1",1216613,1216661,"(629598)","+","rnd-2_family-4","Unknown","54",102,"(0)",77
"81",356,6.2,0,0,"CP007470.1",1216863,1216910,"(629349)","+","rnd-2_family-4","Unknown","54",101,"(1)",78
"82",12,16.5,2.8,2.8,"CP007470.1",1217011,1217046,"(629213)","+","(CTTTTG)n","Simple_repeat","1",36,"(0)",79
"83",12,29.7,3.2,1.6,"CP007470.1",1229850,1229912,"(616347)","+","A-rich","Low_complexity","1",64,"(0)",80
"84",16,16.2,0,0,"CP007470.1",1255948,1255975,"(590284)","+","(T)n","Simple_repeat","1",28,"(0)",81
"85",13,30.4,0,0,"CP007470.1",1256511,1256558,"(589701)","+","(GCATTT)n","Simple_repeat","1",48,"(0)",82
"86",15,17,0,0,"CP007470.1",1261661,1261693,"(584566)","+","(TTTAGC)n","Simple_repeat","1",33,"(0)",83
"87",13,13.3,9.8,0,"CP007470.1",1261694,1261701,"(584558)","+","(TTTAGCT)n","Simple_repeat","1",45,"(0)",84
"88",12,16.6,3.5,9.3,"CP007470.1",1265620,1265676,"(580583)","+","(TAATTGA)n","Simple_repeat","1",54,"(0)",85
"89",12,21.7,0,5.1,"CP007470.1",1269191,1269231,"(577028)","+","(ATTT)n","Simple_repeat","1",39,"(0)",86
"90",12,30.6,0,6,"CP007470.1",1303034,1303104,"(543155)","+","(TTTTC)n","Simple_repeat","1",67,"(0)",87
"91",9783,0.6,0.1,0.1,"CP007470.1",1305382,1306495,"(539764)","C","rnd-1_family-0","rRNA","(0)",1684,"571",88
"92",1285,0.7,0,0,"CP007470.1",1306677,1306819,"(539440)","C","rnd-1_family-0","rRNA","(1541)",143,"1",88
"93",17,13.6,5.8,3.8,"CP007470.1",1343631,1343682,"(502577)","+","(TTTTGGT)n","Simple_repeat","1",53,"(0)",89
"94",72,0,0,0,"CP007470.1",1349096,1349159,"(497100)","+","(TGTC)n","Simple_repeat","1",64,"(0)",90
"95",16,23.1,0,7.3,"CP007470.1",1351925,1352001,"(494258)","+","(ATT)n","Simple_repeat","1",71,"(0)",91
"96",483,14.1,1.3,0,"CP007470.1",1367372,1367449,"(478810)","C","rnd-1_family-0","rRNA","(1277)",407,"329",92
"97",436,14.3,2.4,0,"CP007470.1",1369139,1369222,"(477037)","+","rnd-1_family-0","rRNA","328",413,"(1271)",93
"98",493,14.8,2.9,1,"CP007470.1",1369240,1369341,"(476918)","+","rnd-1_family-0","rRNA","310",413,"(1271)",94
"99",536,20.2,18.5,0.8,"CP007470.1",1369401,1369600,"(476659)","+","rnd-1_family-0","rRNA","176",410,"(1274)",95
"100",13,16.3,0,5.6,"CP007470.1",1397032,1397069,"(449190)","+","(TTTTGCC)n","Simple_repeat","1",36,"(0)",96
"101",12,16.4,5.9,0,"CP007470.1",1404228,1404261,"(441998)","+","(GATT)n","Simple_repeat","1",36,"(0)",97
"102",14,13.2,2.9,2.9,"CP007470.1",1440402,1440436,"(405823)","+","(ATATTT)n","Simple_repeat","1",35,"(0)",98
"103",100,0,0,0,"CP007470.1",1440623,1440710,"(405549)","+","(TTGA)n","Simple_repeat","1",88,"(0)",99
"104",13,26.4,1.3,8.1,"CP007470.1",1471133,1471211,"(375048)","+","(TGCGTTT)n","Simple_repeat","1",74,"(0)",100
"105",11,20.8,6.8,0,"CP007470.1",1488485,1488528,"(357731)","+","(TTTTTCG)n","Simple_repeat","1",47,"(0)",101
"106",29,10.5,8,2.5,"CP007470.1",1489422,1489496,"(356763)","+","(TTAACTT)n","Simple_repeat","1",79,"(0)",102
"107",14,13.7,3.1,0,"CP007470.1",1496278,1496309,"(349950)","+","A-rich","Low_complexity","1",33,"(0)",103
"108",13,15.5,9.3,0,"CP007470.1",1508781,1508823,"(337436)","+","A-rich","Low_complexity","1",47,"(0)",104
"109",14,28.5,3.1,1.5,"CP007470.1",1515879,1515943,"(330316)","+","A-rich","Low_complexity","1",66,"(0)",105
"110",14,20.1,0,0,"CP007470.1",1516325,1516358,"(329901)","+","A-rich","Low_complexity","1",34,"(0)",106
"111",50,0,0,0,"CP007470.1",1525285,1525329,"(320930)","+","(TTGC)n","Simple_repeat","1",45,"(0)",107
"112",13,28.1,3.6,0,"CP007470.1",1559269,1559324,"(286935)","+","A-rich","Low_complexity","1",58,"(0)",108
"113",497,13.3,9.8,2,"CP007470.1",1574450,1574541,"(271718)","C","rnd-2_family-4","Unknown","(0)",102,"4",109
"114",78,0,0,0,"CP007470.1",1587429,1587497,"(258762)","+","(AAGC)n","Simple_repeat","1",69,"(0)",110
"115",17,15.9,0,0,"CP007470.1",1591484,1591518,"(254741)","+","A-rich","Low_complexity","1",35,"(0)",111
"116",234,2.6,0,5.1,"CP007470.1",1644723,1644763,"(201496)","C","rnd-2_family-6","Unknown","(0)",42,"4",112
"117",641,3.1,4,1,"CP007470.1",1644794,1644892,"(201367)","+","rnd-2_family-4","Unknown","1",102,"(0)",113
"118",608,12.4,1,2,"CP007470.1",1660624,1660722,"(185537)","C","rnd-2_family-4","Unknown","(4)",98,"1",114
"119",18,28.3,1.4,1.4,"CP007470.1",1666629,1666698,"(179561)","+","(TGAAGA)n","Simple_repeat","1",70,"(0)",115
"120",87,0,0,0,"CP007470.1",1682952,1683028,"(163231)","+","(TTGA)n","Simple_repeat","1",77,"(0)",116
"121",15,17.5,6.7,0,"CP007470.1",1705326,1705370,"(140889)","+","A-rich","Low_complexity","1",48,"(0)",117
"122",13,28.7,0,0,"CP007470.1",1719201,1719242,"(127017)","+","(GCA)n","Simple_repeat","1",42,"(0)",118
"123",11,21.4,4.4,2.2,"CP007470.1",1724257,1724301,"(121958)","+","(TCTTGT)n","Simple_repeat","1",46,"(0)",119
"124",1229,0.7,0,0,"CP007470.1",1734448,1734590,"(111669)","+","rnd-1_family-0","rRNA","1",143,"(1541)",120
"125",9376,0.5,0.1,0.1,"CP007470.1",1734772,1735885,"(110374)","+","rnd-1_family-0","rRNA","571",1684,"(0)",120
"126",420,10.8,4.8,3.7,"CP007470.1",1748521,1748607,"(97652)","+","rnd-1_family-0","rRNA","174",249,"(1435)",121
"127",27,20,0,0,"CP007470.1",1756273,1756329,"(89930)","+","(CAG)n","Simple_repeat","1",57,"(0)",122
"128",12,12.5,0,3.7,"CP007470.1",1758057,1758084,"(88175)","+","(AATAA)n","Simple_repeat","1",27,"(0)",123
"129",19,10.1,4.3,4.3,"CP007470.1",1758428,1758473,"(87786)","+","A-rich","Low_complexity","1",46,"(0)",124
"130",13,14.9,6.2,4.1,"CP007470.1",1767069,1767116,"(79143)","+","(TTGGTT)n","Simple_repeat","1",49,"(0)",125
"131",12,9.5,0,4.2,"CP007470.1",1777775,1777799,"(68460)","+","(ATTT)n","Simple_repeat","1",24,"(0)",126
"132",12,13.7,0,0,"CP007470.1",1778619,1778642,"(67617)","+","(ACC)n","Simple_repeat","1",24,"(0)",127
"133",98,0,0,0,"CP007470.1",1780881,1780966,"(65293)","+","(TTGG)n","Simple_repeat","1",86,"(0)",128
"134",19,22.6,0,0,"CP007470.1",1802296,1802336,"(43923)","+","(T)n","Simple_repeat","1",41,"(0)",129
"135",11,7.2,10.3,0,"CP007470.1",1813294,1813322,"(32937)","+","(ATCAAG)n","Simple_repeat","1",32,"(0)",130
"136",251,2.5,0,4.9,"CP007470.1",1821997,1822039,"(24220)","+","rnd-2_family-6","Unknown","1",41,"(1)",131
"137",153,0,0,0,"CP007470.1",1832855,1832986,"(13273)","+","(TTGG)n","Simple_repeat","1",132,"(0)",132
"138",13,16.9,3,0,"CP007470.1",1841974,1842006,"(4253)","+","(TTATCT)n","Simple_repeat","1",34,"(0)",133
"139",14268,0.8,0.1,0,"CP007470.1",1844391,1846072,"(187)","+","rnd-1_family-0","rRNA","1",1684,"(0)",134
